[{"staff_id":1, "first_name":"Mike", "last_name":"Hillyer", "rental_id":333, "amount":4.99, "rental_date_key":20050527},
 {"staff_id":2, "first_name":"Jon", "last_name":"Stephens", "rental_id":334, "amount":4.99, "rental_date_key":20050527},
 {"staff_id":1, "first_name":"Mike", "last_name":"Hillyer", "rental_id":335, "amount":3.99, "rental_date_key":20050527},
 {"staff_id":2, "first_name":"Jon", "last_name":"Stephens", "rental_id":336, "amount":2.99, "rental_date_key":20050527},
 {"staff_id":1, "first_name":"Mike", "last_name":"Hillyer", "rental_id":337, "amount":2.99, "rental_date_key":20050527},
 {"staff_id":2, "first_name":"Jon", "last_name":"Stephens", "rental_id":338, "amount":4.99, "rental_date_key":20050527},
 {"staff_id":2, "first_name":"Jon", "last_name":"Stephens", "rental_id":339, "amount":3.99, "rental_date_key":20050527},
 {"staff_id":2, "first_name":"Jon", "last_name":"Stephens", "rental_id":340, "amount":9.99, "rental_date_key":20050527},
 {"staff_id":1, "first_name":"Mike", "last_name":"Hillyer", "rental_id":341, "amount":5.99, "rental_date_key":20050527},
 {"staff_id":1, "first_name":"Mike", "last_name":"Hillyer", "rental_id":342, "amount":0.99, "rental_date_key":20050527},
 {"staff_id":2, "first_name":"Jon", "last_name":"Stephens", "rental_id":343, "amount":0.99, "rental_date_key":20050527},
 {"staff_id":2, "first_name":"Jon", "last_name":"Stephens", "rental_id":344, "amount":2.99, "rental_date_key":20050527},
 {"staff_id":2, "first_name":"Jon", "last_name":"Stephens", "rental_id":345, "amount":2.99, "rental_date_key":20050527},
 {"staff_id":1, "first_name":"Mike", "last_name":"Hillyer", "rental_id":346, "amount":9.99, "rental_date_key":20050527},
 {"staff_id":1, "first_name":"Mike", "last_name":"Hillyer", "rental_id":347, "amount":0.99, "rental_date_key":20050527},
 {"staff_id":1, "first_name":"Mike", "last_name":"Hillyer", "rental_id":348, "amount":4.99, "rental_date_key":20050527},
 {"staff_id":1, "first_name":"Mike", "last_name":"Hillyer", "rental_id":349, "amount":0.99, "rental_date_key":20050527},
 {"staff_id":2, "first_name":"Jon", "last_name":"Stephens", "rental_id":350, "amount":4.99, "rental_date_key":20050527},
 {"staff_id":2, "first_name":"Jon", "last_name":"Stephens", "rental_id":351, "amount":5.99, "rental_date_key":20050527},
 {"staff_id":2, "first_name":"Jon", "last_name":"Stephens", "rental_id":352, "amount":0.99, "rental_date_key":20050527},
 {"staff_id":1, "first_name":"Mike", "last_name":"Hillyer", "rental_id":353, "amount":5.99, "rental_date_key":20050527},
 {"staff_id":1, "first_name":"Mike", "last_name":"Hillyer", "rental_id":354, "amount":2.99, "rental_date_key":20050527},
 {"staff_id":1, "first_name":"Mike", "last_name":"Hillyer", "rental_id":355, "amount":4.99, "rental_date_key":20050527},
 {"staff_id":2, "first_name":"Jon", "last_name":"Stephens", "rental_id":356, "amount":2.99, "rental_date_key":20050527},
 {"staff_id":1, "first_name":"Mike", "last_name":"Hillyer", "rental_id":357, "amount":0.99, "rental_date_key":20050527},
 {"staff_id":1, "first_name":"Mike", "last_name":"Hillyer", "rental_id":358, "amount":0.99, "rental_date_key":20050527},
 {"staff_id":2, "first_name":"Jon", "last_name":"Stephens", "rental_id":359, "amount":4.99, "rental_date_key":20050527},
 {"staff_id":1, "first_name":"Mike", "last_name":"Hillyer", "rental_id":360, "amount":8.99, "rental_date_key":20050527},
 {"staff_id":1, "first_name":"Mike", "last_name":"Hillyer", "rental_id":361, "amount":0.99, "rental_date_key":20050527},
 {"staff_id":1, "first_name":"Mike", "last_name":"Hillyer", "rental_id":362, "amount":0.99, "rental_date_key":20050527},
 {"staff_id":1, "first_name":"Mike", "last_name":"Hillyer", "rental_id":363, "amount":0.99, "rental_date_key":20050527},
 {"staff_id":1, "first_name":"Mike", "last_name":"Hillyer", "rental_id":364, "amount":4.99, "rental_date_key":20050527},
 {"staff_id":1, "first_name":"Mike", "last_name":"Hillyer", "rental_id":365, "amount":2.99, "rental_date_key":20050527},
 {"staff_id":1, "first_name":"Mike", "last_name":"Hillyer", "rental_id":366, "amount":3.99, "rental_date_key":20050527},
 {"staff_id":2, "first_name":"Jon", "last_name":"Stephens", "rental_id":367, "amount":0.99, "rental_date_key":20050527},
 {"staff_id":1, "first_name":"Mike", "last_name":"Hillyer", "rental_id":368, "amount":5.99, "rental_date_key":20050527},
 {"staff_id":1, "first_name":"Mike", "last_name":"Hillyer", "rental_id":369, "amount":2.99, "rental_date_key":20050527},
 {"staff_id":1, "first_name":"Mike", "last_name":"Hillyer", "rental_id":370, "amount":4.99, "rental_date_key":20050527},
 {"staff_id":2, "first_name":"Jon", "last_name":"Stephens", "rental_id":371, "amount":3.99, "rental_date_key":20050527},
 {"staff_id":1, "first_name":"Mike", "last_name":"Hillyer", "rental_id":372, "amount":5.99, "rental_date_key":20050527},
 {"staff_id":2, "first_name":"Jon", "last_name":"Stephens", "rental_id":373, "amount":1.99, "rental_date_key":20050527},
 {"staff_id":1, "first_name":"Mike", "last_name":"Hillyer", "rental_id":374, "amount":6.99, "rental_date_key":20050527},
 {"staff_id":2, "first_name":"Jon", "last_name":"Stephens", "rental_id":375, "amount":3.99, "rental_date_key":20050527},
 {"staff_id":2, "first_name":"Jon", "last_name":"Stephens", "rental_id":376, "amount":4.99, "rental_date_key":20050527},
 {"staff_id":1, "first_name":"Mike", "last_name":"Hillyer", "rental_id":377, "amount":5.99, "rental_date_key":20050527},
 {"staff_id":1, "first_name":"Mike", "last_name":"Hillyer", "rental_id":378, "amount":2.99, "rental_date_key":20050527},
 {"staff_id":2, "first_name":"Jon", "last_name":"Stephens", "rental_id":379, "amount":4.99, "rental_date_key":20050527},
 {"staff_id":2, "first_name":"Jon", "last_name":"Stephens", "rental_id":380, "amount":6.99, "rental_date_key":20050527},
 {"staff_id":2, "first_name":"Jon", "last_name":"Stephens", "rental_id":381, "amount":4.99, "rental_date_key":20050527},
 {"staff_id":1, "first_name":"Mike", "last_name":"Hillyer", "rental_id":382, "amount":0.99, "rental_date_key":20050527},
 {"staff_id":1, "first_name":"Mike", "last_name":"Hillyer", "rental_id":383, "amount":3.99, "rental_date_key":20050527},
 {"staff_id":1, "first_name":"Mike", "last_name":"Hillyer", "rental_id":384, "amount":5.99, "rental_date_key":20050527},
 {"staff_id":2, "first_name":"Jon", "last_name":"Stephens", "rental_id":385, "amount":0.99, "rental_date_key":20050527},
 {"staff_id":1, "first_name":"Mike", "last_name":"Hillyer", "rental_id":386, "amount":0.99, "rental_date_key":20050527},
 {"staff_id":2, "first_name":"Jon", "last_name":"Stephens", "rental_id":387, "amount":2.99, "rental_date_key":20050527},
 {"staff_id":2, "first_name":"Jon", "last_name":"Stephens", "rental_id":388, "amount":2.99, "rental_date_key":20050527},
 {"staff_id":1, "first_name":"Mike", "last_name":"Hillyer", "rental_id":389, "amount":8.99, "rental_date_key":20050527},
 {"staff_id":1, "first_name":"Mike", "last_name":"Hillyer", "rental_id":390, "amount":4.99, "rental_date_key":20050527},
 {"staff_id":1, "first_name":"Mike", "last_name":"Hillyer", "rental_id":391, "amount":2.99, "rental_date_key":20050527},
 {"staff_id":2, "first_name":"Jon", "last_name":"Stephens", "rental_id":392, "amount":2.99, "rental_date_key":20050527},
 {"staff_id":2, "first_name":"Jon", "last_name":"Stephens", "rental_id":393, "amount":2.99, "rental_date_key":20050527},
 {"staff_id":1, "first_name":"Mike", "last_name":"Hillyer", "rental_id":394, "amount":5.99, "rental_date_key":20050527},
 {"staff_id":1, "first_name":"Mike", "last_name":"Hillyer", "rental_id":395, "amount":0.99, "rental_date_key":20050527},
 {"staff_id":1, "first_name":"Mike", "last_name":"Hillyer", "rental_id":396, "amount":0.99, "rental_date_key":20050527},
 {"staff_id":1, "first_name":"Mike", "last_name":"Hillyer", "rental_id":397, "amount":2.99, "rental_date_key":20050527},
 {"staff_id":1, "first_name":"Mike", "last_name":"Hillyer", "rental_id":398, "amount":0.99, "rental_date_key":20050527},
 {"staff_id":2, "first_name":"Jon", "last_name":"Stephens", "rental_id":399, "amount":4.99, "rental_date_key":20050527},
 {"staff_id":2, "first_name":"Jon", "last_name":"Stephens", "rental_id":400, "amount":2.99, "rental_date_key":20050527},
 {"staff_id":2, "first_name":"Jon", "last_name":"Stephens", "rental_id":401, "amount":2.99, "rental_date_key":20050527},
 {"staff_id":2, "first_name":"Jon", "last_name":"Stephens", "rental_id":402, "amount":0.99, "rental_date_key":20050527},
 {"staff_id":2, "first_name":"Jon", "last_name":"Stephens", "rental_id":403, "amount":0.99, "rental_date_key":20050527},
 {"staff_id":2, "first_name":"Jon", "last_name":"Stephens", "rental_id":404, "amount":0.99, "rental_date_key":20050527},
 {"staff_id":1, "first_name":"Mike", "last_name":"Hillyer", "rental_id":405, "amount":6.99, "rental_date_key":20050527},
 {"staff_id":2, "first_name":"Jon", "last_name":"Stephens", "rental_id":406, "amount":2.99, "rental_date_key":20050527},
 {"staff_id":1, "first_name":"Mike", "last_name":"Hillyer", "rental_id":407, "amount":2.99, "rental_date_key":20050527},
 {"staff_id":2, "first_name":"Jon", "last_name":"Stephens", "rental_id":408, "amount":0.99, "rental_date_key":20050527},
 {"staff_id":2, "first_name":"Jon", "last_name":"Stephens", "rental_id":409, "amount":0.99, "rental_date_key":20050527},
 {"staff_id":2, "first_name":"Jon", "last_name":"Stephens", "rental_id":410, "amount":3.99, "rental_date_key":20050527},
 {"staff_id":2, "first_name":"Jon", "last_name":"Stephens", "rental_id":411, "amount":4.99, "rental_date_key":20050527},
 {"staff_id":1, "first_name":"Mike", "last_name":"Hillyer", "rental_id":412, "amount":4.99, "rental_date_key":20050527},
 {"staff_id":2, "first_name":"Jon", "last_name":"Stephens", "rental_id":413, "amount":4.99, "rental_date_key":20050527},
 {"staff_id":1, "first_name":"Mike", "last_name":"Hillyer", "rental_id":414, "amount":0.99, "rental_date_key":20050527},
 {"staff_id":1, "first_name":"Mike", "last_name":"Hillyer", "rental_id":415, "amount":0.99, "rental_date_key":20050527},
 {"staff_id":2, "first_name":"Jon", "last_name":"Stephens", "rental_id":416, "amount":0.99, "rental_date_key":20050527},
 {"staff_id":2, "first_name":"Jon", "last_name":"Stephens", "rental_id":417, "amount":4.99, "rental_date_key":20050527},
 {"staff_id":2, "first_name":"Jon", "last_name":"Stephens", "rental_id":418, "amount":5.99, "rental_date_key":20050527},
 {"staff_id":1, "first_name":"Mike", "last_name":"Hillyer", "rental_id":419, "amount":1.99, "rental_date_key":20050527},
 {"staff_id":2, "first_name":"Jon", "last_name":"Stephens", "rental_id":420, "amount":6.99, "rental_date_key":20050527},
 {"staff_id":2, "first_name":"Jon", "last_name":"Stephens", "rental_id":421, "amount":8.99, "rental_date_key":20050527},
 {"staff_id":1, "first_name":"Mike", "last_name":"Hillyer", "rental_id":422, "amount":3.99, "rental_date_key":20050527},
 {"staff_id":2, "first_name":"Jon", "last_name":"Stephens", "rental_id":423, "amount":0.99, "rental_date_key":20050527},
 {"staff_id":1, "first_name":"Mike", "last_name":"Hillyer", "rental_id":424, "amount":6.99, "rental_date_key":20050527},
 {"staff_id":2, "first_name":"Jon", "last_name":"Stephens", "rental_id":425, "amount":3.99, "rental_date_key":20050527},
 {"staff_id":2, "first_name":"Jon", "last_name":"Stephens", "rental_id":426, "amount":5.99, "rental_date_key":20050527},
 {"staff_id":2, "first_name":"Jon", "last_name":"Stephens", "rental_id":427, "amount":6.99, "rental_date_key":20050527},
 {"staff_id":2, "first_name":"Jon", "last_name":"Stephens", "rental_id":428, "amount":2.99, "rental_date_key":20050527},
 {"staff_id":1, "first_name":"Mike", "last_name":"Hillyer", "rental_id":429, "amount":8.99, "rental_date_key":20050527},
 {"staff_id":2, "first_name":"Jon", "last_name":"Stephens", "rental_id":430, "amount":4.99, "rental_date_key":20050527},
 {"staff_id":1, "first_name":"Mike", "last_name":"Hillyer", "rental_id":431, "amount":8.99, "rental_date_key":20050527},
 {"staff_id":2, "first_name":"Jon", "last_name":"Stephens", "rental_id":432, "amount":4.99, "rental_date_key":20050527},
 {"staff_id":2, "first_name":"Jon", "last_name":"Stephens", "rental_id":433, "amount":0.99, "rental_date_key":20050527},
 {"staff_id":2, "first_name":"Jon", "last_name":"Stephens", "rental_id":434, "amount":5.99, "rental_date_key":20050527},
 {"staff_id":1, "first_name":"Mike", "last_name":"Hillyer", "rental_id":435, "amount":1.99, "rental_date_key":20050527},
 {"staff_id":1, "first_name":"Mike", "last_name":"Hillyer", "rental_id":436, "amount":4.99, "rental_date_key":20050527},
 {"staff_id":1, "first_name":"Mike", "last_name":"Hillyer", "rental_id":437, "amount":5.99, "rental_date_key":20050527},
 {"staff_id":1, "first_name":"Mike", "last_name":"Hillyer", "rental_id":438, "amount":6.99, "rental_date_key":20050527},
 {"staff_id":1, "first_name":"Mike", "last_name":"Hillyer", "rental_id":439, "amount":2.99, "rental_date_key":20050527},
 {"staff_id":1, "first_name":"Mike", "last_name":"Hillyer", "rental_id":440, "amount":4.99, "rental_date_key":20050527},
 {"staff_id":2, "first_name":"Jon", "last_name":"Stephens", "rental_id":441, "amount":4.99, "rental_date_key":20050527},
 {"staff_id":1, "first_name":"Mike", "last_name":"Hillyer", "rental_id":442, "amount":2.99, "rental_date_key":20050527},
 {"staff_id":2, "first_name":"Jon", "last_name":"Stephens", "rental_id":443, "amount":8.99, "rental_date_key":20050527},
 {"staff_id":1, "first_name":"Mike", "last_name":"Hillyer", "rental_id":444, "amount":2.99, "rental_date_key":20050527},
 {"staff_id":2, "first_name":"Jon", "last_name":"Stephens", "rental_id":445, "amount":0.99, "rental_date_key":20050527},
 {"staff_id":2, "first_name":"Jon", "last_name":"Stephens", "rental_id":446, "amount":4.99, "rental_date_key":20050527},
 {"staff_id":2, "first_name":"Jon", "last_name":"Stephens", "rental_id":447, "amount":2.99, "rental_date_key":20050527},
 {"staff_id":2, "first_name":"Jon", "last_name":"Stephens", "rental_id":448, "amount":3.99, "rental_date_key":20050527},
 {"staff_id":2, "first_name":"Jon", "last_name":"Stephens", "rental_id":449, "amount":3.99, "rental_date_key":20050527},
 {"staff_id":1, "first_name":"Mike", "last_name":"Hillyer", "rental_id":450, "amount":6.99, "rental_date_key":20050527},
 {"staff_id":2, "first_name":"Jon", "last_name":"Stephens", "rental_id":451, "amount":4.99, "rental_date_key":20050527},
 {"staff_id":1, "first_name":"Mike", "last_name":"Hillyer", "rental_id":452, "amount":0.99, "rental_date_key":20050527},
 {"staff_id":1, "first_name":"Mike", "last_name":"Hillyer", "rental_id":453, "amount":2.99, "rental_date_key":20050527},
 {"staff_id":2, "first_name":"Jon", "last_name":"Stephens", "rental_id":454, "amount":4.99, "rental_date_key":20050527},
 {"staff_id":1, "first_name":"Mike", "last_name":"Hillyer", "rental_id":455, "amount":3.99, "rental_date_key":20050527},
 {"staff_id":1, "first_name":"Mike", "last_name":"Hillyer", "rental_id":456, "amount":4.99, "rental_date_key":20050527},
 {"staff_id":2, "first_name":"Jon", "last_name":"Stephens", "rental_id":457, "amount":0.99, "rental_date_key":20050527},
 {"staff_id":1, "first_name":"Mike", "last_name":"Hillyer", "rental_id":458, "amount":6.99, "rental_date_key":20050527},
 {"staff_id":2, "first_name":"Jon", "last_name":"Stephens", "rental_id":459, "amount":0.99, "rental_date_key":20050527},
 {"staff_id":1, "first_name":"Mike", "last_name":"Hillyer", "rental_id":460, "amount":2.99, "rental_date_key":20050527},
 {"staff_id":1, "first_name":"Mike", "last_name":"Hillyer", "rental_id":461, "amount":2.99, "rental_date_key":20050527},
 {"staff_id":1, "first_name":"Mike", "last_name":"Hillyer", "rental_id":462, "amount":5.99, "rental_date_key":20050527},
 {"staff_id":2, "first_name":"Jon", "last_name":"Stephens", "rental_id":463, "amount":3.99, "rental_date_key":20050527},
 {"staff_id":2, "first_name":"Jon", "last_name":"Stephens", "rental_id":464, "amount":0.99, "rental_date_key":20050527},
 {"staff_id":2, "first_name":"Jon", "last_name":"Stephens", "rental_id":465, "amount":3.99, "rental_date_key":20050527},
 {"staff_id":2, "first_name":"Jon", "last_name":"Stephens", "rental_id":466, "amount":0.99, "rental_date_key":20050527},
 {"staff_id":2, "first_name":"Jon", "last_name":"Stephens", "rental_id":467, "amount":4.99, "rental_date_key":20050527},
 {"staff_id":1, "first_name":"Mike", "last_name":"Hillyer", "rental_id":468, "amount":9.99, "rental_date_key":20050527},
 {"staff_id":1, "first_name":"Mike", "last_name":"Hillyer", "rental_id":469, "amount":5.99, "rental_date_key":20050527},
 {"staff_id":2, "first_name":"Jon", "last_name":"Stephens", "rental_id":470, "amount":4.99, "rental_date_key":20050527},
 {"staff_id":1, "first_name":"Mike", "last_name":"Hillyer", "rental_id":471, "amount":0.99, "rental_date_key":20050527},
 {"staff_id":2, "first_name":"Jon", "last_name":"Stephens", "rental_id":472, "amount":0.99, "rental_date_key":20050527},
 {"staff_id":2, "first_name":"Jon", "last_name":"Stephens", "rental_id":473, "amount":7.99, "rental_date_key":20050527},
 {"staff_id":2, "first_name":"Jon", "last_name":"Stephens", "rental_id":474, "amount":2.99, "rental_date_key":20050527},
 {"staff_id":2, "first_name":"Jon", "last_name":"Stephens", "rental_id":475, "amount":2.99, "rental_date_key":20050527},
 {"staff_id":2, "first_name":"Jon", "last_name":"Stephens", "rental_id":476, "amount":1.99, "rental_date_key":20050527},
 {"staff_id":2, "first_name":"Jon", "last_name":"Stephens", "rental_id":477, "amount":3.99, "rental_date_key":20050527},
 {"staff_id":1, "first_name":"Mike", "last_name":"Hillyer", "rental_id":478, "amount":4.99, "rental_date_key":20050527},
 {"staff_id":1, "first_name":"Mike", "last_name":"Hillyer", "rental_id":479, "amount":6.99, "rental_date_key":20050527},
 {"staff_id":1, "first_name":"Mike", "last_name":"Hillyer", "rental_id":480, "amount":3.99, "rental_date_key":20050527},
 {"staff_id":1, "first_name":"Mike", "last_name":"Hillyer", "rental_id":481, "amount":2.99, "rental_date_key":20050527},
 {"staff_id":1, "first_name":"Mike", "last_name":"Hillyer", "rental_id":482, "amount":6.99, "rental_date_key":20050527},
 {"staff_id":2, "first_name":"Jon", "last_name":"Stephens", "rental_id":483, "amount":4.99, "rental_date_key":20050527},
 {"staff_id":1, "first_name":"Mike", "last_name":"Hillyer", "rental_id":484, "amount":2.99, "rental_date_key":20050527},
 {"staff_id":1, "first_name":"Mike", "last_name":"Hillyer", "rental_id":485, "amount":2.99, "rental_date_key":20050527},
 {"staff_id":1, "first_name":"Mike", "last_name":"Hillyer", "rental_id":486, "amount":4.99, "rental_date_key":20050527},
 {"staff_id":1, "first_name":"Mike", "last_name":"Hillyer", "rental_id":487, "amount":4.99, "rental_date_key":20050528},
 {"staff_id":1, "first_name":"Mike", "last_name":"Hillyer", "rental_id":488, "amount":4.99, "rental_date_key":20050528},
 {"staff_id":1, "first_name":"Mike", "last_name":"Hillyer", "rental_id":489, "amount":4.99, "rental_date_key":20050528},
 {"staff_id":1, "first_name":"Mike", "last_name":"Hillyer", "rental_id":490, "amount":4.99, "rental_date_key":20050528},
 {"staff_id":2, "first_name":"Jon", "last_name":"Stephens", "rental_id":491, "amount":2.99, "rental_date_key":20050528},
 {"staff_id":2, "first_name":"Jon", "last_name":"Stephens", "rental_id":492, "amount":4.99, "rental_date_key":20050528},
 {"staff_id":1, "first_name":"Mike", "last_name":"Hillyer", "rental_id":493, "amount":0.99, "rental_date_key":20050528},
 {"staff_id":1, "first_name":"Mike", "last_name":"Hillyer", "rental_id":494, "amount":4.99, "rental_date_key":20050528},
 {"staff_id":1, "first_name":"Mike", "last_name":"Hillyer", "rental_id":495, "amount":4.99, "rental_date_key":20050528},
 {"staff_id":1, "first_name":"Mike", "last_name":"Hillyer", "rental_id":496, "amount":2.99, "rental_date_key":20050528},
 {"staff_id":2, "first_name":"Jon", "last_name":"Stephens", "rental_id":497, "amount":6.99, "rental_date_key":20050528},
 {"staff_id":2, "first_name":"Jon", "last_name":"Stephens", "rental_id":498, "amount":0.99, "rental_date_key":20050528},
 {"staff_id":1, "first_name":"Mike", "last_name":"Hillyer", "rental_id":499, "amount":7.99, "rental_date_key":20050528},
 {"staff_id":1, "first_name":"Mike", "last_name":"Hillyer", "rental_id":500, "amount":0.99, "rental_date_key":20050528},
 {"staff_id":1, "first_name":"Mike", "last_name":"Hillyer", "rental_id":501, "amount":4.99, "rental_date_key":20050528},
 {"staff_id":1, "first_name":"Mike", "last_name":"Hillyer", "rental_id":502, "amount":0.99, "rental_date_key":20050528},
 {"staff_id":1, "first_name":"Mike", "last_name":"Hillyer", "rental_id":503, "amount":4.99, "rental_date_key":20050528},
 {"staff_id":2, "first_name":"Jon", "last_name":"Stephens", "rental_id":504, "amount":0.99, "rental_date_key":20050528},
 {"staff_id":2, "first_name":"Jon", "last_name":"Stephens", "rental_id":505, "amount":2.99, "rental_date_key":20050528},
 {"staff_id":2, "first_name":"Jon", "last_name":"Stephens", "rental_id":506, "amount":7.99, "rental_date_key":20050528},
 {"staff_id":1, "first_name":"Mike", "last_name":"Hillyer", "rental_id":507, "amount":0.99, "rental_date_key":20050528},
 {"staff_id":2, "first_name":"Jon", "last_name":"Stephens", "rental_id":508, "amount":5.99, "rental_date_key":20050528},
 {"staff_id":1, "first_name":"Mike", "last_name":"Hillyer", "rental_id":509, "amount":0.99, "rental_date_key":20050528},
 {"staff_id":1, "first_name":"Mike", "last_name":"Hillyer", "rental_id":510, "amount":0.99, "rental_date_key":20050528},
 {"staff_id":1, "first_name":"Mike", "last_name":"Hillyer", "rental_id":511, "amount":5.99, "rental_date_key":20050528},
 {"staff_id":1, "first_name":"Mike", "last_name":"Hillyer", "rental_id":512, "amount":8.99, "rental_date_key":20050528},
 {"staff_id":2, "first_name":"Jon", "last_name":"Stephens", "rental_id":513, "amount":2.99, "rental_date_key":20050528},
 {"staff_id":2, "first_name":"Jon", "last_name":"Stephens", "rental_id":514, "amount":8.99, "rental_date_key":20050528},
 {"staff_id":1, "first_name":"Mike", "last_name":"Hillyer", "rental_id":515, "amount":7.99, "rental_date_key":20050528},
 {"staff_id":2, "first_name":"Jon", "last_name":"Stephens", "rental_id":516, "amount":1.99, "rental_date_key":20050528},
 {"staff_id":1, "first_name":"Mike", "last_name":"Hillyer", "rental_id":517, "amount":0.99, "rental_date_key":20050528},
 {"staff_id":1, "first_name":"Mike", "last_name":"Hillyer", "rental_id":518, "amount":0.99, "rental_date_key":20050528},
 {"staff_id":1, "first_name":"Mike", "last_name":"Hillyer", "rental_id":519, "amount":7.99, "rental_date_key":20050528},
 {"staff_id":1, "first_name":"Mike", "last_name":"Hillyer", "rental_id":520, "amount":5.99, "rental_date_key":20050528},
 {"staff_id":1, "first_name":"Mike", "last_name":"Hillyer", "rental_id":521, "amount":0.99, "rental_date_key":20050528},
 {"staff_id":1, "first_name":"Mike", "last_name":"Hillyer", "rental_id":522, "amount":2.99, "rental_date_key":20050528},
 {"staff_id":1, "first_name":"Mike", "last_name":"Hillyer", "rental_id":523, "amount":2.99, "rental_date_key":20050528},
 {"staff_id":2, "first_name":"Jon", "last_name":"Stephens", "rental_id":524, "amount":2.99, "rental_date_key":20050528},
 {"staff_id":1, "first_name":"Mike", "last_name":"Hillyer", "rental_id":525, "amount":5.99, "rental_date_key":20050528},
 {"staff_id":1, "first_name":"Mike", "last_name":"Hillyer", "rental_id":526, "amount":2.99, "rental_date_key":20050528},
 {"staff_id":2, "first_name":"Jon", "last_name":"Stephens", "rental_id":527, "amount":3.99, "rental_date_key":20050528},
 {"staff_id":1, "first_name":"Mike", "last_name":"Hillyer", "rental_id":528, "amount":3.99, "rental_date_key":20050528},
 {"staff_id":2, "first_name":"Jon", "last_name":"Stephens", "rental_id":529, "amount":4.99, "rental_date_key":20050528},
 {"staff_id":1, "first_name":"Mike", "last_name":"Hillyer", "rental_id":530, "amount":0.99, "rental_date_key":20050528},
 {"staff_id":1, "first_name":"Mike", "last_name":"Hillyer", "rental_id":531, "amount":0.99, "rental_date_key":20050528},
 {"staff_id":2, "first_name":"Jon", "last_name":"Stephens", "rental_id":532, "amount":0.99, "rental_date_key":20050528},
 {"staff_id":1, "first_name":"Mike", "last_name":"Hillyer", "rental_id":533, "amount":5.99, "rental_date_key":20050528},
 {"staff_id":2, "first_name":"Jon", "last_name":"Stephens", "rental_id":534, "amount":4.99, "rental_date_key":20050528},
 {"staff_id":1, "first_name":"Mike", "last_name":"Hillyer", "rental_id":535, "amount":4.99, "rental_date_key":20050528},
 {"staff_id":2, "first_name":"Jon", "last_name":"Stephens", "rental_id":536, "amount":4.99, "rental_date_key":20050528},
 {"staff_id":1, "first_name":"Mike", "last_name":"Hillyer", "rental_id":537, "amount":8.99, "rental_date_key":20050528},
 {"staff_id":2, "first_name":"Jon", "last_name":"Stephens", "rental_id":538, "amount":1.99, "rental_date_key":20050528},
 {"staff_id":2, "first_name":"Jon", "last_name":"Stephens", "rental_id":539, "amount":0.99, "rental_date_key":20050528},
 {"staff_id":2, "first_name":"Jon", "last_name":"Stephens", "rental_id":540, "amount":6.99, "rental_date_key":20050528},
 {"staff_id":2, "first_name":"Jon", "last_name":"Stephens", "rental_id":541, "amount":2.99, "rental_date_key":20050528},
 {"staff_id":2, "first_name":"Jon", "last_name":"Stephens", "rental_id":542, "amount":6.99, "rental_date_key":20050528},
 {"staff_id":1, "first_name":"Mike", "last_name":"Hillyer", "rental_id":543, "amount":7.99, "rental_date_key":20050528},
 {"staff_id":2, "first_name":"Jon", "last_name":"Stephens", "rental_id":544, "amount":6.99, "rental_date_key":20050528},
 {"staff_id":2, "first_name":"Jon", "last_name":"Stephens", "rental_id":545, "amount":3.99, "rental_date_key":20050528},
 {"staff_id":2, "first_name":"Jon", "last_name":"Stephens", "rental_id":546, "amount":1.99, "rental_date_key":20050528},
 {"staff_id":1, "first_name":"Mike", "last_name":"Hillyer", "rental_id":547, "amount":8.99, "rental_date_key":20050528},
 {"staff_id":2, "first_name":"Jon", "last_name":"Stephens", "rental_id":548, "amount":3.99, "rental_date_key":20050528},
 {"staff_id":2, "first_name":"Jon", "last_name":"Stephens", "rental_id":549, "amount":1.99, "rental_date_key":20050528},
 {"staff_id":1, "first_name":"Mike", "last_name":"Hillyer", "rental_id":550, "amount":5.99, "rental_date_key":20050528},
 {"staff_id":1, "first_name":"Mike", "last_name":"Hillyer", "rental_id":551, "amount":4.99, "rental_date_key":20050528},
 {"staff_id":2, "first_name":"Jon", "last_name":"Stephens", "rental_id":552, "amount":3.99, "rental_date_key":20050528},
 {"staff_id":1, "first_name":"Mike", "last_name":"Hillyer", "rental_id":553, "amount":3.99, "rental_date_key":20050528},
 {"staff_id":1, "first_name":"Mike", "last_name":"Hillyer", "rental_id":554, "amount":0.99, "rental_date_key":20050528},
 {"staff_id":1, "first_name":"Mike", "last_name":"Hillyer", "rental_id":555, "amount":4.99, "rental_date_key":20050528},
 {"staff_id":1, "first_name":"Mike", "last_name":"Hillyer", "rental_id":556, "amount":4.99, "rental_date_key":20050528},
 {"staff_id":1, "first_name":"Mike", "last_name":"Hillyer", "rental_id":557, "amount":0.99, "rental_date_key":20050528},
 {"staff_id":2, "first_name":"Jon", "last_name":"Stephens", "rental_id":558, "amount":6.99, "rental_date_key":20050528},
 {"staff_id":2, "first_name":"Jon", "last_name":"Stephens", "rental_id":559, "amount":7.99, "rental_date_key":20050528},
 {"staff_id":1, "first_name":"Mike", "last_name":"Hillyer", "rental_id":560, "amount":1.99, "rental_date_key":20050528},
 {"staff_id":2, "first_name":"Jon", "last_name":"Stephens", "rental_id":561, "amount":2.99, "rental_date_key":20050528},
 {"staff_id":2, "first_name":"Jon", "last_name":"Stephens", "rental_id":562, "amount":1.99, "rental_date_key":20050528},
 {"staff_id":2, "first_name":"Jon", "last_name":"Stephens", "rental_id":563, "amount":3.99, "rental_date_key":20050528},
 {"staff_id":2, "first_name":"Jon", "last_name":"Stephens", "rental_id":564, "amount":0.99, "rental_date_key":20050528},
 {"staff_id":2, "first_name":"Jon", "last_name":"Stephens", "rental_id":565, "amount":5.99, "rental_date_key":20050528},
 {"staff_id":1, "first_name":"Mike", "last_name":"Hillyer", "rental_id":566, "amount":6.99, "rental_date_key":20050528},
 {"staff_id":1, "first_name":"Mike", "last_name":"Hillyer", "rental_id":567, "amount":1.99, "rental_date_key":20050528},
 {"staff_id":1, "first_name":"Mike", "last_name":"Hillyer", "rental_id":568, "amount":2.99, "rental_date_key":20050528},
 {"staff_id":1, "first_name":"Mike", "last_name":"Hillyer", "rental_id":569, "amount":6.99, "rental_date_key":20050528},
 {"staff_id":1, "first_name":"Mike", "last_name":"Hillyer", "rental_id":570, "amount":0.99, "rental_date_key":20050528},
 {"staff_id":1, "first_name":"Mike", "last_name":"Hillyer", "rental_id":571, "amount":1.99, "rental_date_key":20050528},
 {"staff_id":1, "first_name":"Mike", "last_name":"Hillyer", "rental_id":572, "amount":4.99, "rental_date_key":20050528},
 {"staff_id":1, "first_name":"Mike", "last_name":"Hillyer", "rental_id":573, "amount":0.99, "rental_date_key":20050528},
 {"staff_id":2, "first_name":"Jon", "last_name":"Stephens", "rental_id":574, "amount":1.99, "rental_date_key":20050528},
 {"staff_id":1, "first_name":"Mike", "last_name":"Hillyer", "rental_id":575, "amount":9.99, "rental_date_key":20050528},
 {"staff_id":1, "first_name":"Mike", "last_name":"Hillyer", "rental_id":576, "amount":2.99, "rental_date_key":20050528},
 {"staff_id":1, "first_name":"Mike", "last_name":"Hillyer", "rental_id":577, "amount":2.99, "rental_date_key":20050528},
 {"staff_id":2, "first_name":"Jon", "last_name":"Stephens", "rental_id":578, "amount":2.99, "rental_date_key":20050528},
 {"staff_id":2, "first_name":"Jon", "last_name":"Stephens", "rental_id":579, "amount":6.99, "rental_date_key":20050528},
 {"staff_id":1, "first_name":"Mike", "last_name":"Hillyer", "rental_id":580, "amount":2.99, "rental_date_key":20050528},
 {"staff_id":1, "first_name":"Mike", "last_name":"Hillyer", "rental_id":581, "amount":1.99, "rental_date_key":20050528},
 {"staff_id":1, "first_name":"Mike", "last_name":"Hillyer", "rental_id":582, "amount":4.99, "rental_date_key":20050528},
 {"staff_id":1, "first_name":"Mike", "last_name":"Hillyer", "rental_id":583, "amount":7.99, "rental_date_key":20050528},
 {"staff_id":2, "first_name":"Jon", "last_name":"Stephens", "rental_id":584, "amount":4.99, "rental_date_key":20050528},
 {"staff_id":2, "first_name":"Jon", "last_name":"Stephens", "rental_id":585, "amount":6.99, "rental_date_key":20050528},
 {"staff_id":1, "first_name":"Mike", "last_name":"Hillyer", "rental_id":586, "amount":0.99, "rental_date_key":20050528},
 {"staff_id":1, "first_name":"Mike", "last_name":"Hillyer", "rental_id":587, "amount":0.99, "rental_date_key":20050528},
 {"staff_id":2, "first_name":"Jon", "last_name":"Stephens", "rental_id":588, "amount":0.99, "rental_date_key":20050528},
 {"staff_id":2, "first_name":"Jon", "last_name":"Stephens", "rental_id":589, "amount":3.99, "rental_date_key":20050528},
 {"staff_id":2, "first_name":"Jon", "last_name":"Stephens", "rental_id":590, "amount":3.99, "rental_date_key":20050528},
 {"staff_id":2, "first_name":"Jon", "last_name":"Stephens", "rental_id":591, "amount":2.99, "rental_date_key":20050528},
 {"staff_id":2, "first_name":"Jon", "last_name":"Stephens", "rental_id":592, "amount":4.99, "rental_date_key":20050528},
 {"staff_id":1, "first_name":"Mike", "last_name":"Hillyer", "rental_id":593, "amount":2.99, "rental_date_key":20050528},
 {"staff_id":2, "first_name":"Jon", "last_name":"Stephens", "rental_id":594, "amount":2.99, "rental_date_key":20050528},
 {"staff_id":1, "first_name":"Mike", "last_name":"Hillyer", "rental_id":595, "amount":1.99, "rental_date_key":20050528},
 {"staff_id":1, "first_name":"Mike", "last_name":"Hillyer", "rental_id":596, "amount":4.99, "rental_date_key":20050528},
 {"staff_id":1, "first_name":"Mike", "last_name":"Hillyer", "rental_id":597, "amount":3.99, "rental_date_key":20050528},
 {"staff_id":1, "first_name":"Mike", "last_name":"Hillyer", "rental_id":598, "amount":0.99, "rental_date_key":20050528},
 {"staff_id":1, "first_name":"Mike", "last_name":"Hillyer", "rental_id":599, "amount":4.99, "rental_date_key":20050528},
 {"staff_id":2, "first_name":"Jon", "last_name":"Stephens", "rental_id":600, "amount":3.99, "rental_date_key":20050528},
 {"staff_id":2, "first_name":"Jon", "last_name":"Stephens", "rental_id":601, "amount":7.99, "rental_date_key":20050528},
 {"staff_id":1, "first_name":"Mike", "last_name":"Hillyer", "rental_id":602, "amount":3.99, "rental_date_key":20050528},
 {"staff_id":2, "first_name":"Jon", "last_name":"Stephens", "rental_id":603, "amount":4.99, "rental_date_key":20050528},
 {"staff_id":2, "first_name":"Jon", "last_name":"Stephens", "rental_id":604, "amount":0.99, "rental_date_key":20050528},
 {"staff_id":1, "first_name":"Mike", "last_name":"Hillyer", "rental_id":605, "amount":1.99, "rental_date_key":20050528},
 {"staff_id":2, "first_name":"Jon", "last_name":"Stephens", "rental_id":606, "amount":8.99, "rental_date_key":20050528},
 {"staff_id":1, "first_name":"Mike", "last_name":"Hillyer", "rental_id":607, "amount":2.99, "rental_date_key":20050528},
 {"staff_id":1, "first_name":"Mike", "last_name":"Hillyer", "rental_id":608, "amount":4.99, "rental_date_key":20050528},
 {"staff_id":1, "first_name":"Mike", "last_name":"Hillyer", "rental_id":609, "amount":2.99, "rental_date_key":20050528},
 {"staff_id":1, "first_name":"Mike", "last_name":"Hillyer", "rental_id":610, "amount":0.99, "rental_date_key":20050528},
 {"staff_id":1, "first_name":"Mike", "last_name":"Hillyer", "rental_id":611, "amount":0.99, "rental_date_key":20050528},
 {"staff_id":1, "first_name":"Mike", "last_name":"Hillyer", "rental_id":612, "amount":2.99, "rental_date_key":20050528},
 {"staff_id":1, "first_name":"Mike", "last_name":"Hillyer", "rental_id":613, "amount":6.99, "rental_date_key":20050528},
 {"staff_id":1, "first_name":"Mike", "last_name":"Hillyer", "rental_id":614, "amount":1.99, "rental_date_key":20050528},
 {"staff_id":1, "first_name":"Mike", "last_name":"Hillyer", "rental_id":615, "amount":5.99, "rental_date_key":20050528},
 {"staff_id":1, "first_name":"Mike", "last_name":"Hillyer", "rental_id":616, "amount":2.99, "rental_date_key":20050528},
 {"staff_id":1, "first_name":"Mike", "last_name":"Hillyer", "rental_id":617, "amount":2.99, "rental_date_key":20050528},
 {"staff_id":1, "first_name":"Mike", "last_name":"Hillyer", "rental_id":618, "amount":4.99, "rental_date_key":20050528},
 {"staff_id":1, "first_name":"Mike", "last_name":"Hillyer", "rental_id":619, "amount":7.99, "rental_date_key":20050528},
 {"staff_id":1, "first_name":"Mike", "last_name":"Hillyer", "rental_id":620, "amount":5.99, "rental_date_key":20050528},
 {"staff_id":1, "first_name":"Mike", "last_name":"Hillyer", "rental_id":621, "amount":4.99, "rental_date_key":20050528},
 {"staff_id":2, "first_name":"Jon", "last_name":"Stephens", "rental_id":622, "amount":3.99, "rental_date_key":20050528},
 {"staff_id":2, "first_name":"Jon", "last_name":"Stephens", "rental_id":623, "amount":4.99, "rental_date_key":20050528},
 {"staff_id":1, "first_name":"Mike", "last_name":"Hillyer", "rental_id":624, "amount":4.99, "rental_date_key":20050528},
 {"staff_id":2, "first_name":"Jon", "last_name":"Stephens", "rental_id":625, "amount":0.99, "rental_date_key":20050528},
 {"staff_id":1, "first_name":"Mike", "last_name":"Hillyer", "rental_id":626, "amount":4.99, "rental_date_key":20050528},
 {"staff_id":1, "first_name":"Mike", "last_name":"Hillyer", "rental_id":627, "amount":7.99, "rental_date_key":20050528},
 {"staff_id":1, "first_name":"Mike", "last_name":"Hillyer", "rental_id":628, "amount":4.99, "rental_date_key":20050528},
 {"staff_id":2, "first_name":"Jon", "last_name":"Stephens", "rental_id":629, "amount":4.99, "rental_date_key":20050528},
 {"staff_id":2, "first_name":"Jon", "last_name":"Stephens", "rental_id":630, "amount":8.99, "rental_date_key":20050528},
 {"staff_id":1, "first_name":"Mike", "last_name":"Hillyer", "rental_id":631, "amount":2.99, "rental_date_key":20050528},
 {"staff_id":1, "first_name":"Mike", "last_name":"Hillyer", "rental_id":632, "amount":5.99, "rental_date_key":20050528},
 {"staff_id":1, "first_name":"Mike", "last_name":"Hillyer", "rental_id":633, "amount":0.99, "rental_date_key":20050528},
 {"staff_id":2, "first_name":"Jon", "last_name":"Stephens", "rental_id":634, "amount":4.99, "rental_date_key":20050528},
 {"staff_id":1, "first_name":"Mike", "last_name":"Hillyer", "rental_id":635, "amount":5.99, "rental_date_key":20050528},
 {"staff_id":1, "first_name":"Mike", "last_name":"Hillyer", "rental_id":636, "amount":6.99, "rental_date_key":20050528},
 {"staff_id":1, "first_name":"Mike", "last_name":"Hillyer", "rental_id":637, "amount":4.99, "rental_date_key":20050528},
 {"staff_id":1, "first_name":"Mike", "last_name":"Hillyer", "rental_id":638, "amount":2.99, "rental_date_key":20050528},
 {"staff_id":2, "first_name":"Jon", "last_name":"Stephens", "rental_id":639, "amount":2.99, "rental_date_key":20050528},
 {"staff_id":2, "first_name":"Jon", "last_name":"Stephens", "rental_id":640, "amount":0.99, "rental_date_key":20050528},
 {"staff_id":2, "first_name":"Jon", "last_name":"Stephens", "rental_id":641, "amount":5.99, "rental_date_key":20050528},
 {"staff_id":1, "first_name":"Mike", "last_name":"Hillyer", "rental_id":642, "amount":4.99, "rental_date_key":20050528},
 {"staff_id":1, "first_name":"Mike", "last_name":"Hillyer", "rental_id":643, "amount":4.99, "rental_date_key":20050528},
 {"staff_id":1, "first_name":"Mike", "last_name":"Hillyer", "rental_id":644, "amount":8.99, "rental_date_key":20050528},
 {"staff_id":1, "first_name":"Mike", "last_name":"Hillyer", "rental_id":645, "amount":2.99, "rental_date_key":20050528},
 {"staff_id":1, "first_name":"Mike", "last_name":"Hillyer", "rental_id":646, "amount":0.99, "rental_date_key":20050528},
 {"staff_id":1, "first_name":"Mike", "last_name":"Hillyer", "rental_id":647, "amount":1.99, "rental_date_key":20050528},
 {"staff_id":1, "first_name":"Mike", "last_name":"Hillyer", "rental_id":648, "amount":0.99, "rental_date_key":20050528},
 {"staff_id":2, "first_name":"Jon", "last_name":"Stephens", "rental_id":649, "amount":1.99, "rental_date_key":20050528},
 {"staff_id":2, "first_name":"Jon", "last_name":"Stephens", "rental_id":650, "amount":2.99, "rental_date_key":20050528},
 {"staff_id":2, "first_name":"Jon", "last_name":"Stephens", "rental_id":651, "amount":2.99, "rental_date_key":20050528},
 {"staff_id":1, "first_name":"Mike", "last_name":"Hillyer", "rental_id":652, "amount":4.99, "rental_date_key":20050528},
 {"staff_id":1, "first_name":"Mike", "last_name":"Hillyer", "rental_id":653, "amount":6.99, "rental_date_key":20050528},
 {"staff_id":1, "first_name":"Mike", "last_name":"Hillyer", "rental_id":654, "amount":2.99, "rental_date_key":20050528},
 {"staff_id":1, "first_name":"Mike", "last_name":"Hillyer", "rental_id":655, "amount":2.99, "rental_date_key":20050528},
 {"staff_id":2, "first_name":"Jon", "last_name":"Stephens", "rental_id":656, "amount":4.99, "rental_date_key":20050528},
 {"staff_id":2, "first_name":"Jon", "last_name":"Stephens", "rental_id":657, "amount":0.99, "rental_date_key":20050528},
 {"staff_id":1, "first_name":"Mike", "last_name":"Hillyer", "rental_id":658, "amount":9.99, "rental_date_key":20050528},
 {"staff_id":1, "first_name":"Mike", "last_name":"Hillyer", "rental_id":659, "amount":0.99, "rental_date_key":20050528},
 {"staff_id":2, "first_name":"Jon", "last_name":"Stephens", "rental_id":660, "amount":0.99, "rental_date_key":20050528},
 {"staff_id":1, "first_name":"Mike", "last_name":"Hillyer", "rental_id":661, "amount":4.99, "rental_date_key":20050528},
 {"staff_id":1, "first_name":"Mike", "last_name":"Hillyer", "rental_id":662, "amount":1.99, "rental_date_key":20050528}]