[{"staff_id":1, "first_name":"Mike", "last_name":"Hillyer", "rental_id":1, "amount":2.99, "rental_date_key":20050524},
 {"staff_id":2, "first_name":"Jon", "last_name":"Stephens", "rental_id":2, "amount":2.99, "rental_date_key":20050524},
 {"staff_id":2, "first_name":"Jon", "last_name":"Stephens", "rental_id":3, "amount":3.99, "rental_date_key":20050524},
 {"staff_id":1, "first_name":"Mike", "last_name":"Hillyer", "rental_id":4, "amount":4.99, "rental_date_key":20050524},
 {"staff_id":1, "first_name":"Mike", "last_name":"Hillyer", "rental_id":5, "amount":6.99, "rental_date_key":20050524},
 {"staff_id":1, "first_name":"Mike", "last_name":"Hillyer", "rental_id":6, "amount":0.99, "rental_date_key":20050524},
 {"staff_id":2, "first_name":"Jon", "last_name":"Stephens", "rental_id":7, "amount":1.99, "rental_date_key":20050524},
 {"staff_id":2, "first_name":"Jon", "last_name":"Stephens", "rental_id":8, "amount":4.99, "rental_date_key":20050524},
 {"staff_id":1, "first_name":"Mike", "last_name":"Hillyer", "rental_id":9, "amount":4.99, "rental_date_key":20050525},
 {"staff_id":2, "first_name":"Jon", "last_name":"Stephens", "rental_id":10, "amount":5.99, "rental_date_key":20050525},
 {"staff_id":2, "first_name":"Jon", "last_name":"Stephens", "rental_id":11, "amount":8.99, "rental_date_key":20050525},
 {"staff_id":1, "first_name":"Mike", "last_name":"Hillyer", "rental_id":12, "amount":4.99, "rental_date_key":20050525},
 {"staff_id":1, "first_name":"Mike", "last_name":"Hillyer", "rental_id":13, "amount":6.99, "rental_date_key":20050525},
 {"staff_id":2, "first_name":"Jon", "last_name":"Stephens", "rental_id":14, "amount":0.99, "rental_date_key":20050525},
 {"staff_id":1, "first_name":"Mike", "last_name":"Hillyer", "rental_id":15, "amount":9.99, "rental_date_key":20050525},
 {"staff_id":1, "first_name":"Mike", "last_name":"Hillyer", "rental_id":16, "amount":4.99, "rental_date_key":20050525},
 {"staff_id":1, "first_name":"Mike", "last_name":"Hillyer", "rental_id":17, "amount":2.99, "rental_date_key":20050525},
 {"staff_id":2, "first_name":"Jon", "last_name":"Stephens", "rental_id":18, "amount":0.99, "rental_date_key":20050525},
 {"staff_id":2, "first_name":"Jon", "last_name":"Stephens", "rental_id":19, "amount":4.99, "rental_date_key":20050525},
 {"staff_id":2, "first_name":"Jon", "last_name":"Stephens", "rental_id":20, "amount":2.99, "rental_date_key":20050525},
 {"staff_id":2, "first_name":"Jon", "last_name":"Stephens", "rental_id":21, "amount":4.99, "rental_date_key":20050525},
 {"staff_id":1, "first_name":"Mike", "last_name":"Hillyer", "rental_id":22, "amount":4.99, "rental_date_key":20050525},
 {"staff_id":2, "first_name":"Jon", "last_name":"Stephens", "rental_id":23, "amount":4.99, "rental_date_key":20050525},
 {"staff_id":1, "first_name":"Mike", "last_name":"Hillyer", "rental_id":24, "amount":4.99, "rental_date_key":20050525},
 {"staff_id":1, "first_name":"Mike", "last_name":"Hillyer", "rental_id":25, "amount":0.99, "rental_date_key":20050525},
 {"staff_id":1, "first_name":"Mike", "last_name":"Hillyer", "rental_id":26, "amount":3.99, "rental_date_key":20050525},
 {"staff_id":2, "first_name":"Jon", "last_name":"Stephens", "rental_id":27, "amount":4.99, "rental_date_key":20050525},
 {"staff_id":1, "first_name":"Mike", "last_name":"Hillyer", "rental_id":28, "amount":4.99, "rental_date_key":20050525},
 {"staff_id":1, "first_name":"Mike", "last_name":"Hillyer", "rental_id":29, "amount":0.99, "rental_date_key":20050525},
 {"staff_id":2, "first_name":"Jon", "last_name":"Stephens", "rental_id":30, "amount":2.99, "rental_date_key":20050525},
 {"staff_id":1, "first_name":"Mike", "last_name":"Hillyer", "rental_id":31, "amount":4.99, "rental_date_key":20050525},
 {"staff_id":1, "first_name":"Mike", "last_name":"Hillyer", "rental_id":32, "amount":0.99, "rental_date_key":20050525},
 {"staff_id":1, "first_name":"Mike", "last_name":"Hillyer", "rental_id":33, "amount":0.99, "rental_date_key":20050525},
 {"staff_id":2, "first_name":"Jon", "last_name":"Stephens", "rental_id":34, "amount":2.99, "rental_date_key":20050525},
 {"staff_id":2, "first_name":"Jon", "last_name":"Stephens", "rental_id":35, "amount":4.99, "rental_date_key":20050525},
 {"staff_id":2, "first_name":"Jon", "last_name":"Stephens", "rental_id":36, "amount":2.99, "rental_date_key":20050525},
 {"staff_id":1, "first_name":"Mike", "last_name":"Hillyer", "rental_id":37, "amount":0.99, "rental_date_key":20050525},
 {"staff_id":2, "first_name":"Jon", "last_name":"Stephens", "rental_id":38, "amount":4.99, "rental_date_key":20050525},
 {"staff_id":1, "first_name":"Mike", "last_name":"Hillyer", "rental_id":39, "amount":0.99, "rental_date_key":20050525},
 {"staff_id":1, "first_name":"Mike", "last_name":"Hillyer", "rental_id":40, "amount":4.99, "rental_date_key":20050525},
 {"staff_id":1, "first_name":"Mike", "last_name":"Hillyer", "rental_id":41, "amount":5.99, "rental_date_key":20050525},
 {"staff_id":1, "first_name":"Mike", "last_name":"Hillyer", "rental_id":42, "amount":4.99, "rental_date_key":20050525},
 {"staff_id":1, "first_name":"Mike", "last_name":"Hillyer", "rental_id":43, "amount":2.99, "rental_date_key":20050525},
 {"staff_id":1, "first_name":"Mike", "last_name":"Hillyer", "rental_id":44, "amount":0.99, "rental_date_key":20050525},
 {"staff_id":1, "first_name":"Mike", "last_name":"Hillyer", "rental_id":45, "amount":7.99, "rental_date_key":20050525},
 {"staff_id":2, "first_name":"Jon", "last_name":"Stephens", "rental_id":46, "amount":5.99, "rental_date_key":20050525},
 {"staff_id":2, "first_name":"Jon", "last_name":"Stephens", "rental_id":47, "amount":3.99, "rental_date_key":20050525},
 {"staff_id":2, "first_name":"Jon", "last_name":"Stephens", "rental_id":48, "amount":1.99, "rental_date_key":20050525},
 {"staff_id":2, "first_name":"Jon", "last_name":"Stephens", "rental_id":49, "amount":2.99, "rental_date_key":20050525},
 {"staff_id":1, "first_name":"Mike", "last_name":"Hillyer", "rental_id":50, "amount":2.99, "rental_date_key":20050525},
 {"staff_id":1, "first_name":"Mike", "last_name":"Hillyer", "rental_id":51, "amount":4.99, "rental_date_key":20050525},
 {"staff_id":1, "first_name":"Mike", "last_name":"Hillyer", "rental_id":52, "amount":0.99, "rental_date_key":20050525},
 {"staff_id":2, "first_name":"Jon", "last_name":"Stephens", "rental_id":53, "amount":4.99, "rental_date_key":20050525},
 {"staff_id":1, "first_name":"Mike", "last_name":"Hillyer", "rental_id":54, "amount":4.99, "rental_date_key":20050525},
 {"staff_id":2, "first_name":"Jon", "last_name":"Stephens", "rental_id":55, "amount":2.99, "rental_date_key":20050525},
 {"staff_id":1, "first_name":"Mike", "last_name":"Hillyer", "rental_id":56, "amount":2.99, "rental_date_key":20050525},
 {"staff_id":2, "first_name":"Jon", "last_name":"Stephens", "rental_id":57, "amount":4.99, "rental_date_key":20050525},
 {"staff_id":1, "first_name":"Mike", "last_name":"Hillyer", "rental_id":58, "amount":4.99, "rental_date_key":20050525},
 {"staff_id":2, "first_name":"Jon", "last_name":"Stephens", "rental_id":59, "amount":5.99, "rental_date_key":20050525},
 {"staff_id":2, "first_name":"Jon", "last_name":"Stephens", "rental_id":60, "amount":2.99, "rental_date_key":20050525},
 {"staff_id":1, "first_name":"Mike", "last_name":"Hillyer", "rental_id":61, "amount":5.99, "rental_date_key":20050525},
 {"staff_id":1, "first_name":"Mike", "last_name":"Hillyer", "rental_id":62, "amount":2.99, "rental_date_key":20050525},
 {"staff_id":2, "first_name":"Jon", "last_name":"Stephens", "rental_id":63, "amount":0.99, "rental_date_key":20050525},
 {"staff_id":1, "first_name":"Mike", "last_name":"Hillyer", "rental_id":64, "amount":5.99, "rental_date_key":20050525},
 {"staff_id":1, "first_name":"Mike", "last_name":"Hillyer", "rental_id":65, "amount":4.99, "rental_date_key":20050525},
 {"staff_id":1, "first_name":"Mike", "last_name":"Hillyer", "rental_id":66, "amount":1.99, "rental_date_key":20050525},
 {"staff_id":2, "first_name":"Jon", "last_name":"Stephens", "rental_id":67, "amount":0.99, "rental_date_key":20050525},
 {"staff_id":2, "first_name":"Jon", "last_name":"Stephens", "rental_id":68, "amount":7.99, "rental_date_key":20050525},
 {"staff_id":2, "first_name":"Jon", "last_name":"Stephens", "rental_id":69, "amount":2.99, "rental_date_key":20050525},
 {"staff_id":1, "first_name":"Mike", "last_name":"Hillyer", "rental_id":70, "amount":2.99, "rental_date_key":20050525},
 {"staff_id":1, "first_name":"Mike", "last_name":"Hillyer", "rental_id":71, "amount":0.99, "rental_date_key":20050525},
 {"staff_id":2, "first_name":"Jon", "last_name":"Stephens", "rental_id":72, "amount":0.99, "rental_date_key":20050525},
 {"staff_id":2, "first_name":"Jon", "last_name":"Stephens", "rental_id":73, "amount":4.99, "rental_date_key":20050525},
 {"staff_id":2, "first_name":"Jon", "last_name":"Stephens", "rental_id":74, "amount":0.99, "rental_date_key":20050525},
 {"staff_id":1, "first_name":"Mike", "last_name":"Hillyer", "rental_id":75, "amount":8.99, "rental_date_key":20050525},
 {"staff_id":1, "first_name":"Mike", "last_name":"Hillyer", "rental_id":76, "amount":2.99, "rental_date_key":20050525},
 {"staff_id":2, "first_name":"Jon", "last_name":"Stephens", "rental_id":77, "amount":0.99, "rental_date_key":20050525},
 {"staff_id":1, "first_name":"Mike", "last_name":"Hillyer", "rental_id":78, "amount":5.99, "rental_date_key":20050525},
 {"staff_id":2, "first_name":"Jon", "last_name":"Stephens", "rental_id":79, "amount":4.99, "rental_date_key":20050525},
 {"staff_id":1, "first_name":"Mike", "last_name":"Hillyer", "rental_id":80, "amount":5.99, "rental_date_key":20050525},
 {"staff_id":2, "first_name":"Jon", "last_name":"Stephens", "rental_id":81, "amount":6.99, "rental_date_key":20050525},
 {"staff_id":2, "first_name":"Jon", "last_name":"Stephens", "rental_id":82, "amount":6.99, "rental_date_key":20050525},
 {"staff_id":1, "first_name":"Mike", "last_name":"Hillyer", "rental_id":83, "amount":4.99, "rental_date_key":20050525},
 {"staff_id":1, "first_name":"Mike", "last_name":"Hillyer", "rental_id":84, "amount":2.99, "rental_date_key":20050525},
 {"staff_id":1, "first_name":"Mike", "last_name":"Hillyer", "rental_id":85, "amount":4.99, "rental_date_key":20050525},
 {"staff_id":1, "first_name":"Mike", "last_name":"Hillyer", "rental_id":86, "amount":1.99, "rental_date_key":20050525},
 {"staff_id":2, "first_name":"Jon", "last_name":"Stephens", "rental_id":87, "amount":0.99, "rental_date_key":20050525},
 {"staff_id":1, "first_name":"Mike", "last_name":"Hillyer", "rental_id":88, "amount":3.99, "rental_date_key":20050525},
 {"staff_id":2, "first_name":"Jon", "last_name":"Stephens", "rental_id":89, "amount":2.99, "rental_date_key":20050525},
 {"staff_id":1, "first_name":"Mike", "last_name":"Hillyer", "rental_id":90, "amount":7.99, "rental_date_key":20050525},
 {"staff_id":2, "first_name":"Jon", "last_name":"Stephens", "rental_id":91, "amount":6.99, "rental_date_key":20050525},
 {"staff_id":2, "first_name":"Jon", "last_name":"Stephens", "rental_id":92, "amount":5.99, "rental_date_key":20050525},
 {"staff_id":2, "first_name":"Jon", "last_name":"Stephens", "rental_id":93, "amount":3.99, "rental_date_key":20050525},
 {"staff_id":2, "first_name":"Jon", "last_name":"Stephens", "rental_id":94, "amount":2.99, "rental_date_key":20050525},
 {"staff_id":1, "first_name":"Mike", "last_name":"Hillyer", "rental_id":95, "amount":3.99, "rental_date_key":20050525},
 {"staff_id":2, "first_name":"Jon", "last_name":"Stephens", "rental_id":96, "amount":1.99, "rental_date_key":20050525},
 {"staff_id":1, "first_name":"Mike", "last_name":"Hillyer", "rental_id":97, "amount":4.99, "rental_date_key":20050525},
 {"staff_id":1, "first_name":"Mike", "last_name":"Hillyer", "rental_id":98, "amount":0.99, "rental_date_key":20050525},
 {"staff_id":1, "first_name":"Mike", "last_name":"Hillyer", "rental_id":99, "amount":4.99, "rental_date_key":20050525},
 {"staff_id":1, "first_name":"Mike", "last_name":"Hillyer", "rental_id":100, "amount":4.99, "rental_date_key":20050525},
 {"staff_id":2, "first_name":"Jon", "last_name":"Stephens", "rental_id":101, "amount":6.99, "rental_date_key":20050525},
 {"staff_id":2, "first_name":"Jon", "last_name":"Stephens", "rental_id":102, "amount":3.99, "rental_date_key":20050525},
 {"staff_id":2, "first_name":"Jon", "last_name":"Stephens", "rental_id":103, "amount":4.99, "rental_date_key":20050525},
 {"staff_id":2, "first_name":"Jon", "last_name":"Stephens", "rental_id":104, "amount":0.99, "rental_date_key":20050525},
 {"staff_id":1, "first_name":"Mike", "last_name":"Hillyer", "rental_id":105, "amount":4.99, "rental_date_key":20050525},
 {"staff_id":2, "first_name":"Jon", "last_name":"Stephens", "rental_id":106, "amount":11.99, "rental_date_key":20050525},
 {"staff_id":1, "first_name":"Mike", "last_name":"Hillyer", "rental_id":107, "amount":6.99, "rental_date_key":20050525},
 {"staff_id":1, "first_name":"Mike", "last_name":"Hillyer", "rental_id":108, "amount":2.99, "rental_date_key":20050525},
 {"staff_id":2, "first_name":"Jon", "last_name":"Stephens", "rental_id":109, "amount":1.99, "rental_date_key":20050525},
 {"staff_id":2, "first_name":"Jon", "last_name":"Stephens", "rental_id":110, "amount":9.99, "rental_date_key":20050525},
 {"staff_id":1, "first_name":"Mike", "last_name":"Hillyer", "rental_id":111, "amount":4.99, "rental_date_key":20050525},
 {"staff_id":1, "first_name":"Mike", "last_name":"Hillyer", "rental_id":112, "amount":8.99, "rental_date_key":20050525},
 {"staff_id":2, "first_name":"Jon", "last_name":"Stephens", "rental_id":113, "amount":2.99, "rental_date_key":20050525},
 {"staff_id":1, "first_name":"Mike", "last_name":"Hillyer", "rental_id":114, "amount":3.99, "rental_date_key":20050525},
 {"staff_id":2, "first_name":"Jon", "last_name":"Stephens", "rental_id":115, "amount":0.99, "rental_date_key":20050525},
 {"staff_id":1, "first_name":"Mike", "last_name":"Hillyer", "rental_id":116, "amount":4.99, "rental_date_key":20050525},
 {"staff_id":2, "first_name":"Jon", "last_name":"Stephens", "rental_id":117, "amount":0.99, "rental_date_key":20050525},
 {"staff_id":2, "first_name":"Jon", "last_name":"Stephens", "rental_id":118, "amount":0.99, "rental_date_key":20050525},
 {"staff_id":2, "first_name":"Jon", "last_name":"Stephens", "rental_id":119, "amount":4.99, "rental_date_key":20050525},
 {"staff_id":2, "first_name":"Jon", "last_name":"Stephens", "rental_id":120, "amount":5.99, "rental_date_key":20050525},
 {"staff_id":1, "first_name":"Mike", "last_name":"Hillyer", "rental_id":121, "amount":2.99, "rental_date_key":20050525},
 {"staff_id":2, "first_name":"Jon", "last_name":"Stephens", "rental_id":122, "amount":3.99, "rental_date_key":20050525},
 {"staff_id":2, "first_name":"Jon", "last_name":"Stephens", "rental_id":123, "amount":4.99, "rental_date_key":20050525},
 {"staff_id":1, "first_name":"Mike", "last_name":"Hillyer", "rental_id":124, "amount":6.99, "rental_date_key":20050525},
 {"staff_id":1, "first_name":"Mike", "last_name":"Hillyer", "rental_id":125, "amount":5.99, "rental_date_key":20050525},
 {"staff_id":1, "first_name":"Mike", "last_name":"Hillyer", "rental_id":126, "amount":2.99, "rental_date_key":20050525},
 {"staff_id":1, "first_name":"Mike", "last_name":"Hillyer", "rental_id":127, "amount":2.99, "rental_date_key":20050525},
 {"staff_id":1, "first_name":"Mike", "last_name":"Hillyer", "rental_id":128, "amount":4.99, "rental_date_key":20050525},
 {"staff_id":1, "first_name":"Mike", "last_name":"Hillyer", "rental_id":129, "amount":8.99, "rental_date_key":20050525},
 {"staff_id":1, "first_name":"Mike", "last_name":"Hillyer", "rental_id":130, "amount":3.99, "rental_date_key":20050525},
 {"staff_id":1, "first_name":"Mike", "last_name":"Hillyer", "rental_id":131, "amount":5.99, "rental_date_key":20050525},
 {"staff_id":2, "first_name":"Jon", "last_name":"Stephens", "rental_id":132, "amount":3.99, "rental_date_key":20050525},
 {"staff_id":2, "first_name":"Jon", "last_name":"Stephens", "rental_id":133, "amount":0.99, "rental_date_key":20050525},
 {"staff_id":1, "first_name":"Mike", "last_name":"Hillyer", "rental_id":134, "amount":4.99, "rental_date_key":20050525},
 {"staff_id":1, "first_name":"Mike", "last_name":"Hillyer", "rental_id":135, "amount":10.99, "rental_date_key":20050525},
 {"staff_id":2, "first_name":"Jon", "last_name":"Stephens", "rental_id":136, "amount":5.99, "rental_date_key":20050525},
 {"staff_id":1, "first_name":"Mike", "last_name":"Hillyer", "rental_id":137, "amount":2.99, "rental_date_key":20050525},
 {"staff_id":1, "first_name":"Mike", "last_name":"Hillyer", "rental_id":138, "amount":4.99, "rental_date_key":20050525},
 {"staff_id":2, "first_name":"Jon", "last_name":"Stephens", "rental_id":139, "amount":2.99, "rental_date_key":20050525},
 {"staff_id":1, "first_name":"Mike", "last_name":"Hillyer", "rental_id":140, "amount":0.99, "rental_date_key":20050525},
 {"staff_id":2, "first_name":"Jon", "last_name":"Stephens", "rental_id":141, "amount":2.99, "rental_date_key":20050525},
 {"staff_id":2, "first_name":"Jon", "last_name":"Stephens", "rental_id":142, "amount":0.99, "rental_date_key":20050525},
 {"staff_id":2, "first_name":"Jon", "last_name":"Stephens", "rental_id":143, "amount":0.99, "rental_date_key":20050525},
 {"staff_id":1, "first_name":"Mike", "last_name":"Hillyer", "rental_id":144, "amount":2.99, "rental_date_key":20050525},
 {"staff_id":2, "first_name":"Jon", "last_name":"Stephens", "rental_id":145, "amount":2.99, "rental_date_key":20050525},
 {"staff_id":2, "first_name":"Jon", "last_name":"Stephens", "rental_id":146, "amount":8.99, "rental_date_key":20050526},
 {"staff_id":1, "first_name":"Mike", "last_name":"Hillyer", "rental_id":147, "amount":2.99, "rental_date_key":20050526},
 {"staff_id":1, "first_name":"Mike", "last_name":"Hillyer", "rental_id":148, "amount":0.99, "rental_date_key":20050526},
 {"staff_id":1, "first_name":"Mike", "last_name":"Hillyer", "rental_id":149, "amount":3.99, "rental_date_key":20050526},
 {"staff_id":2, "first_name":"Jon", "last_name":"Stephens", "rental_id":150, "amount":5.99, "rental_date_key":20050526},
 {"staff_id":1, "first_name":"Mike", "last_name":"Hillyer", "rental_id":151, "amount":0.99, "rental_date_key":20050526},
 {"staff_id":2, "first_name":"Jon", "last_name":"Stephens", "rental_id":152, "amount":9.99, "rental_date_key":20050526},
 {"staff_id":2, "first_name":"Jon", "last_name":"Stephens", "rental_id":153, "amount":0.99, "rental_date_key":20050526},
 {"staff_id":2, "first_name":"Jon", "last_name":"Stephens", "rental_id":154, "amount":0.99, "rental_date_key":20050526},
 {"staff_id":2, "first_name":"Jon", "last_name":"Stephens", "rental_id":155, "amount":7.99, "rental_date_key":20050526},
 {"staff_id":2, "first_name":"Jon", "last_name":"Stephens", "rental_id":156, "amount":2.99, "rental_date_key":20050526},
 {"staff_id":2, "first_name":"Jon", "last_name":"Stephens", "rental_id":157, "amount":2.99, "rental_date_key":20050526},
 {"staff_id":2, "first_name":"Jon", "last_name":"Stephens", "rental_id":158, "amount":1.99, "rental_date_key":20050526},
 {"staff_id":1, "first_name":"Mike", "last_name":"Hillyer", "rental_id":159, "amount":2.99, "rental_date_key":20050526},
 {"staff_id":1, "first_name":"Mike", "last_name":"Hillyer", "rental_id":160, "amount":2.99, "rental_date_key":20050526},
 {"staff_id":2, "first_name":"Jon", "last_name":"Stephens", "rental_id":161, "amount":0.99, "rental_date_key":20050526},
 {"staff_id":2, "first_name":"Jon", "last_name":"Stephens", "rental_id":162, "amount":4.99, "rental_date_key":20050526},
 {"staff_id":1, "first_name":"Mike", "last_name":"Hillyer", "rental_id":163, "amount":10.99, "rental_date_key":20050526},
 {"staff_id":2, "first_name":"Jon", "last_name":"Stephens", "rental_id":164, "amount":4.99, "rental_date_key":20050526},
 {"staff_id":1, "first_name":"Mike", "last_name":"Hillyer", "rental_id":165, "amount":2.99, "rental_date_key":20050526},
 {"staff_id":2, "first_name":"Jon", "last_name":"Stephens", "rental_id":166, "amount":0.99, "rental_date_key":20050526},
 {"staff_id":2, "first_name":"Jon", "last_name":"Stephens", "rental_id":167, "amount":4.99, "rental_date_key":20050526},
 {"staff_id":1, "first_name":"Mike", "last_name":"Hillyer", "rental_id":168, "amount":0.99, "rental_date_key":20050526},
 {"staff_id":2, "first_name":"Jon", "last_name":"Stephens", "rental_id":169, "amount":0.99, "rental_date_key":20050526},
 {"staff_id":1, "first_name":"Mike", "last_name":"Hillyer", "rental_id":170, "amount":5.99, "rental_date_key":20050526},
 {"staff_id":2, "first_name":"Jon", "last_name":"Stephens", "rental_id":171, "amount":6.99, "rental_date_key":20050526},
 {"staff_id":1, "first_name":"Mike", "last_name":"Hillyer", "rental_id":172, "amount":0.99, "rental_date_key":20050526},
 {"staff_id":1, "first_name":"Mike", "last_name":"Hillyer", "rental_id":173, "amount":0.99, "rental_date_key":20050526},
 {"staff_id":2, "first_name":"Jon", "last_name":"Stephens", "rental_id":174, "amount":0.99, "rental_date_key":20050526},
 {"staff_id":2, "first_name":"Jon", "last_name":"Stephens", "rental_id":175, "amount":3.99, "rental_date_key":20050526},
 {"staff_id":1, "first_name":"Mike", "last_name":"Hillyer", "rental_id":176, "amount":3.99, "rental_date_key":20050526},
 {"staff_id":2, "first_name":"Jon", "last_name":"Stephens", "rental_id":177, "amount":6.99, "rental_date_key":20050526},
 {"staff_id":2, "first_name":"Jon", "last_name":"Stephens", "rental_id":178, "amount":5.99, "rental_date_key":20050526},
 {"staff_id":1, "first_name":"Mike", "last_name":"Hillyer", "rental_id":179, "amount":6.99, "rental_date_key":20050526},
 {"staff_id":1, "first_name":"Mike", "last_name":"Hillyer", "rental_id":180, "amount":4.99, "rental_date_key":20050526},
 {"staff_id":1, "first_name":"Mike", "last_name":"Hillyer", "rental_id":181, "amount":4.99, "rental_date_key":20050526},
 {"staff_id":1, "first_name":"Mike", "last_name":"Hillyer", "rental_id":182, "amount":4.99, "rental_date_key":20050526},
 {"staff_id":1, "first_name":"Mike", "last_name":"Hillyer", "rental_id":183, "amount":2.99, "rental_date_key":20050526},
 {"staff_id":1, "first_name":"Mike", "last_name":"Hillyer", "rental_id":184, "amount":0.99, "rental_date_key":20050526},
 {"staff_id":2, "first_name":"Jon", "last_name":"Stephens", "rental_id":185, "amount":3.99, "rental_date_key":20050526},
 {"staff_id":1, "first_name":"Mike", "last_name":"Hillyer", "rental_id":186, "amount":4.99, "rental_date_key":20050526},
 {"staff_id":2, "first_name":"Jon", "last_name":"Stephens", "rental_id":187, "amount":8.99, "rental_date_key":20050526},
 {"staff_id":1, "first_name":"Mike", "last_name":"Hillyer", "rental_id":188, "amount":4.99, "rental_date_key":20050526},
 {"staff_id":1, "first_name":"Mike", "last_name":"Hillyer", "rental_id":189, "amount":4.99, "rental_date_key":20050526},
 {"staff_id":2, "first_name":"Jon", "last_name":"Stephens", "rental_id":190, "amount":1.99, "rental_date_key":20050526},
 {"staff_id":2, "first_name":"Jon", "last_name":"Stephens", "rental_id":191, "amount":0.99, "rental_date_key":20050526},
 {"staff_id":1, "first_name":"Mike", "last_name":"Hillyer", "rental_id":192, "amount":2.99, "rental_date_key":20050526},
 {"staff_id":1, "first_name":"Mike", "last_name":"Hillyer", "rental_id":193, "amount":1.99, "rental_date_key":20050526},
 {"staff_id":2, "first_name":"Jon", "last_name":"Stephens", "rental_id":194, "amount":1.99, "rental_date_key":20050526},
 {"staff_id":2, "first_name":"Jon", "last_name":"Stephens", "rental_id":195, "amount":5.99, "rental_date_key":20050526},
 {"staff_id":1, "first_name":"Mike", "last_name":"Hillyer", "rental_id":196, "amount":2.99, "rental_date_key":20050526},
 {"staff_id":1, "first_name":"Mike", "last_name":"Hillyer", "rental_id":197, "amount":5.99, "rental_date_key":20050526},
 {"staff_id":2, "first_name":"Jon", "last_name":"Stephens", "rental_id":198, "amount":4.99, "rental_date_key":20050526},
 {"staff_id":1, "first_name":"Mike", "last_name":"Hillyer", "rental_id":199, "amount":2.99, "rental_date_key":20050526},
 {"staff_id":2, "first_name":"Jon", "last_name":"Stephens", "rental_id":200, "amount":4.99, "rental_date_key":20050526},
 {"staff_id":1, "first_name":"Mike", "last_name":"Hillyer", "rental_id":201, "amount":8.99, "rental_date_key":20050526},
 {"staff_id":2, "first_name":"Jon", "last_name":"Stephens", "rental_id":202, "amount":2.99, "rental_date_key":20050526},
 {"staff_id":1, "first_name":"Mike", "last_name":"Hillyer", "rental_id":203, "amount":5.99, "rental_date_key":20050526},
 {"staff_id":1, "first_name":"Mike", "last_name":"Hillyer", "rental_id":204, "amount":0.99, "rental_date_key":20050526},
 {"staff_id":1, "first_name":"Mike", "last_name":"Hillyer", "rental_id":205, "amount":4.99, "rental_date_key":20050526},
 {"staff_id":1, "first_name":"Mike", "last_name":"Hillyer", "rental_id":206, "amount":0.99, "rental_date_key":20050526},
 {"staff_id":2, "first_name":"Jon", "last_name":"Stephens", "rental_id":207, "amount":4.99, "rental_date_key":20050526},
 {"staff_id":1, "first_name":"Mike", "last_name":"Hillyer", "rental_id":208, "amount":4.99, "rental_date_key":20050526},
 {"staff_id":2, "first_name":"Jon", "last_name":"Stephens", "rental_id":209, "amount":4.99, "rental_date_key":20050526},
 {"staff_id":1, "first_name":"Mike", "last_name":"Hillyer", "rental_id":210, "amount":2.99, "rental_date_key":20050526},
 {"staff_id":1, "first_name":"Mike", "last_name":"Hillyer", "rental_id":211, "amount":2.99, "rental_date_key":20050526},
 {"staff_id":2, "first_name":"Jon", "last_name":"Stephens", "rental_id":212, "amount":4.99, "rental_date_key":20050526},
 {"staff_id":1, "first_name":"Mike", "last_name":"Hillyer", "rental_id":213, "amount":3.99, "rental_date_key":20050526},
 {"staff_id":2, "first_name":"Jon", "last_name":"Stephens", "rental_id":214, "amount":3.99, "rental_date_key":20050526},
 {"staff_id":1, "first_name":"Mike", "last_name":"Hillyer", "rental_id":215, "amount":0.99, "rental_date_key":20050526},
 {"staff_id":2, "first_name":"Jon", "last_name":"Stephens", "rental_id":216, "amount":5.99, "rental_date_key":20050526},
 {"staff_id":1, "first_name":"Mike", "last_name":"Hillyer", "rental_id":217, "amount":4.99, "rental_date_key":20050526},
 {"staff_id":2, "first_name":"Jon", "last_name":"Stephens", "rental_id":218, "amount":6.99, "rental_date_key":20050526},
 {"staff_id":1, "first_name":"Mike", "last_name":"Hillyer", "rental_id":219, "amount":4.99, "rental_date_key":20050526},
 {"staff_id":1, "first_name":"Mike", "last_name":"Hillyer", "rental_id":220, "amount":4.99, "rental_date_key":20050526},
 {"staff_id":1, "first_name":"Mike", "last_name":"Hillyer", "rental_id":221, "amount":2.99, "rental_date_key":20050526},
 {"staff_id":2, "first_name":"Jon", "last_name":"Stephens", "rental_id":222, "amount":0.99, "rental_date_key":20050526},
 {"staff_id":1, "first_name":"Mike", "last_name":"Hillyer", "rental_id":223, "amount":4.99, "rental_date_key":20050526},
 {"staff_id":1, "first_name":"Mike", "last_name":"Hillyer", "rental_id":224, "amount":9.99, "rental_date_key":20050526},
 {"staff_id":2, "first_name":"Jon", "last_name":"Stephens", "rental_id":225, "amount":4.99, "rental_date_key":20050526},
 {"staff_id":2, "first_name":"Jon", "last_name":"Stephens", "rental_id":226, "amount":4.99, "rental_date_key":20050526},
 {"staff_id":2, "first_name":"Jon", "last_name":"Stephens", "rental_id":227, "amount":5.99, "rental_date_key":20050526},
 {"staff_id":1, "first_name":"Mike", "last_name":"Hillyer", "rental_id":228, "amount":9.99, "rental_date_key":20050526},
 {"staff_id":2, "first_name":"Jon", "last_name":"Stephens", "rental_id":229, "amount":4.99, "rental_date_key":20050526},
 {"staff_id":1, "first_name":"Mike", "last_name":"Hillyer", "rental_id":230, "amount":0.99, "rental_date_key":20050526},
 {"staff_id":1, "first_name":"Mike", "last_name":"Hillyer", "rental_id":231, "amount":4.99, "rental_date_key":20050526},
 {"staff_id":1, "first_name":"Mike", "last_name":"Hillyer", "rental_id":232, "amount":0.99, "rental_date_key":20050526},
 {"staff_id":1, "first_name":"Mike", "last_name":"Hillyer", "rental_id":233, "amount":4.99, "rental_date_key":20050526},
 {"staff_id":2, "first_name":"Jon", "last_name":"Stephens", "rental_id":234, "amount":5.99, "rental_date_key":20050526},
 {"staff_id":1, "first_name":"Mike", "last_name":"Hillyer", "rental_id":235, "amount":5.99, "rental_date_key":20050526},
 {"staff_id":1, "first_name":"Mike", "last_name":"Hillyer", "rental_id":236, "amount":0.99, "rental_date_key":20050526},
 {"staff_id":1, "first_name":"Mike", "last_name":"Hillyer", "rental_id":237, "amount":0.99, "rental_date_key":20050526},
 {"staff_id":1, "first_name":"Mike", "last_name":"Hillyer", "rental_id":238, "amount":4.99, "rental_date_key":20050526},
 {"staff_id":1, "first_name":"Mike", "last_name":"Hillyer", "rental_id":239, "amount":3.99, "rental_date_key":20050526},
 {"staff_id":1, "first_name":"Mike", "last_name":"Hillyer", "rental_id":240, "amount":7.99, "rental_date_key":20050526},
 {"staff_id":1, "first_name":"Mike", "last_name":"Hillyer", "rental_id":241, "amount":0.99, "rental_date_key":20050526},
 {"staff_id":1, "first_name":"Mike", "last_name":"Hillyer", "rental_id":242, "amount":1.99, "rental_date_key":20050526},
 {"staff_id":1, "first_name":"Mike", "last_name":"Hillyer", "rental_id":243, "amount":6.99, "rental_date_key":20050526},
 {"staff_id":2, "first_name":"Jon", "last_name":"Stephens", "rental_id":244, "amount":2.99, "rental_date_key":20050526},
 {"staff_id":2, "first_name":"Jon", "last_name":"Stephens", "rental_id":245, "amount":4.99, "rental_date_key":20050526},
 {"staff_id":1, "first_name":"Mike", "last_name":"Hillyer", "rental_id":246, "amount":2.99, "rental_date_key":20050526},
 {"staff_id":1, "first_name":"Mike", "last_name":"Hillyer", "rental_id":247, "amount":4.99, "rental_date_key":20050526},
 {"staff_id":2, "first_name":"Jon", "last_name":"Stephens", "rental_id":248, "amount":0.99, "rental_date_key":20050526},
 {"staff_id":2, "first_name":"Jon", "last_name":"Stephens", "rental_id":249, "amount":2.99, "rental_date_key":20050526},
 {"staff_id":2, "first_name":"Jon", "last_name":"Stephens", "rental_id":250, "amount":4.99, "rental_date_key":20050526},
 {"staff_id":2, "first_name":"Jon", "last_name":"Stephens", "rental_id":251, "amount":0.99, "rental_date_key":20050526},
 {"staff_id":1, "first_name":"Mike", "last_name":"Hillyer", "rental_id":252, "amount":7.99, "rental_date_key":20050526},
 {"staff_id":2, "first_name":"Jon", "last_name":"Stephens", "rental_id":253, "amount":0.99, "rental_date_key":20050526},
 {"staff_id":1, "first_name":"Mike", "last_name":"Hillyer", "rental_id":254, "amount":4.99, "rental_date_key":20050526},
 {"staff_id":1, "first_name":"Mike", "last_name":"Hillyer", "rental_id":255, "amount":4.99, "rental_date_key":20050526},
 {"staff_id":1, "first_name":"Mike", "last_name":"Hillyer", "rental_id":256, "amount":3.99, "rental_date_key":20050526},
 {"staff_id":2, "first_name":"Jon", "last_name":"Stephens", "rental_id":257, "amount":4.99, "rental_date_key":20050526},
 {"staff_id":2, "first_name":"Jon", "last_name":"Stephens", "rental_id":258, "amount":2.99, "rental_date_key":20050526},
 {"staff_id":1, "first_name":"Mike", "last_name":"Hillyer", "rental_id":259, "amount":8.99, "rental_date_key":20050526},
 {"staff_id":1, "first_name":"Mike", "last_name":"Hillyer", "rental_id":260, "amount":3.99, "rental_date_key":20050526},
 {"staff_id":1, "first_name":"Mike", "last_name":"Hillyer", "rental_id":261, "amount":3.99, "rental_date_key":20050526},
 {"staff_id":2, "first_name":"Jon", "last_name":"Stephens", "rental_id":262, "amount":2.99, "rental_date_key":20050526},
 {"staff_id":2, "first_name":"Jon", "last_name":"Stephens", "rental_id":263, "amount":4.99, "rental_date_key":20050526},
 {"staff_id":1, "first_name":"Mike", "last_name":"Hillyer", "rental_id":264, "amount":2.99, "rental_date_key":20050526},
 {"staff_id":1, "first_name":"Mike", "last_name":"Hillyer", "rental_id":265, "amount":0.99, "rental_date_key":20050526},
 {"staff_id":1, "first_name":"Mike", "last_name":"Hillyer", "rental_id":266, "amount":0.99, "rental_date_key":20050526},
 {"staff_id":1, "first_name":"Mike", "last_name":"Hillyer", "rental_id":267, "amount":4.99, "rental_date_key":20050526},
 {"staff_id":2, "first_name":"Jon", "last_name":"Stephens", "rental_id":268, "amount":0.99, "rental_date_key":20050526},
 {"staff_id":1, "first_name":"Mike", "last_name":"Hillyer", "rental_id":269, "amount":4.99, "rental_date_key":20050526},
 {"staff_id":2, "first_name":"Jon", "last_name":"Stephens", "rental_id":270, "amount":9.99, "rental_date_key":20050526},
 {"staff_id":1, "first_name":"Mike", "last_name":"Hillyer", "rental_id":271, "amount":5.99, "rental_date_key":20050526},
 {"staff_id":1, "first_name":"Mike", "last_name":"Hillyer", "rental_id":272, "amount":9.99, "rental_date_key":20050526},
 {"staff_id":2, "first_name":"Jon", "last_name":"Stephens", "rental_id":273, "amount":2.99, "rental_date_key":20050526},
 {"staff_id":2, "first_name":"Jon", "last_name":"Stephens", "rental_id":274, "amount":5.99, "rental_date_key":20050526},
 {"staff_id":1, "first_name":"Mike", "last_name":"Hillyer", "rental_id":275, "amount":6.99, "rental_date_key":20050526},
 {"staff_id":2, "first_name":"Jon", "last_name":"Stephens", "rental_id":276, "amount":7.99, "rental_date_key":20050526},
 {"staff_id":2, "first_name":"Jon", "last_name":"Stephens", "rental_id":277, "amount":2.99, "rental_date_key":20050526},
 {"staff_id":1, "first_name":"Mike", "last_name":"Hillyer", "rental_id":278, "amount":3.99, "rental_date_key":20050526},
 {"staff_id":2, "first_name":"Jon", "last_name":"Stephens", "rental_id":279, "amount":2.99, "rental_date_key":20050526},
 {"staff_id":1, "first_name":"Mike", "last_name":"Hillyer", "rental_id":280, "amount":2.99, "rental_date_key":20050526},
 {"staff_id":1, "first_name":"Mike", "last_name":"Hillyer", "rental_id":281, "amount":0.99, "rental_date_key":20050526},
 {"staff_id":2, "first_name":"Jon", "last_name":"Stephens", "rental_id":282, "amount":6.99, "rental_date_key":20050526},
 {"staff_id":2, "first_name":"Jon", "last_name":"Stephens", "rental_id":283, "amount":3.99, "rental_date_key":20050526},
 {"staff_id":1, "first_name":"Mike", "last_name":"Hillyer", "rental_id":284, "amount":8.99, "rental_date_key":20050526},
 {"staff_id":1, "first_name":"Mike", "last_name":"Hillyer", "rental_id":285, "amount":1.99, "rental_date_key":20050526},
 {"staff_id":2, "first_name":"Jon", "last_name":"Stephens", "rental_id":286, "amount":6.99, "rental_date_key":20050526},
 {"staff_id":2, "first_name":"Jon", "last_name":"Stephens", "rental_id":287, "amount":2.99, "rental_date_key":20050526},
 {"staff_id":2, "first_name":"Jon", "last_name":"Stephens", "rental_id":288, "amount":8.99, "rental_date_key":20050526},
 {"staff_id":1, "first_name":"Mike", "last_name":"Hillyer", "rental_id":289, "amount":0.99, "rental_date_key":20050526},
 {"staff_id":2, "first_name":"Jon", "last_name":"Stephens", "rental_id":290, "amount":2.99, "rental_date_key":20050526},
 {"staff_id":2, "first_name":"Jon", "last_name":"Stephens", "rental_id":291, "amount":5.99, "rental_date_key":20050526},
 {"staff_id":2, "first_name":"Jon", "last_name":"Stephens", "rental_id":292, "amount":6.99, "rental_date_key":20050526},
 {"staff_id":1, "first_name":"Mike", "last_name":"Hillyer", "rental_id":293, "amount":5.99, "rental_date_key":20050526},
 {"staff_id":1, "first_name":"Mike", "last_name":"Hillyer", "rental_id":294, "amount":4.99, "rental_date_key":20050526},
 {"staff_id":1, "first_name":"Mike", "last_name":"Hillyer", "rental_id":295, "amount":4.99, "rental_date_key":20050526},
 {"staff_id":2, "first_name":"Jon", "last_name":"Stephens", "rental_id":296, "amount":6.99, "rental_date_key":20050526},
 {"staff_id":1, "first_name":"Mike", "last_name":"Hillyer", "rental_id":297, "amount":2.99, "rental_date_key":20050526},
 {"staff_id":2, "first_name":"Jon", "last_name":"Stephens", "rental_id":298, "amount":0.99, "rental_date_key":20050526},
 {"staff_id":1, "first_name":"Mike", "last_name":"Hillyer", "rental_id":299, "amount":4.99, "rental_date_key":20050526},
 {"staff_id":1, "first_name":"Mike", "last_name":"Hillyer", "rental_id":300, "amount":6.99, "rental_date_key":20050526},
 {"staff_id":2, "first_name":"Jon", "last_name":"Stephens", "rental_id":301, "amount":2.99, "rental_date_key":20050526},
 {"staff_id":2, "first_name":"Jon", "last_name":"Stephens", "rental_id":302, "amount":4.99, "rental_date_key":20050526},
 {"staff_id":2, "first_name":"Jon", "last_name":"Stephens", "rental_id":303, "amount":4.99, "rental_date_key":20050526},
 {"staff_id":2, "first_name":"Jon", "last_name":"Stephens", "rental_id":304, "amount":5.99, "rental_date_key":20050526},
 {"staff_id":1, "first_name":"Mike", "last_name":"Hillyer", "rental_id":305, "amount":3.99, "rental_date_key":20050526},
 {"staff_id":1, "first_name":"Mike", "last_name":"Hillyer", "rental_id":306, "amount":0.99, "rental_date_key":20050526},
 {"staff_id":2, "first_name":"Jon", "last_name":"Stephens", "rental_id":307, "amount":8.99, "rental_date_key":20050526},
 {"staff_id":2, "first_name":"Jon", "last_name":"Stephens", "rental_id":308, "amount":6.99, "rental_date_key":20050526},
 {"staff_id":1, "first_name":"Mike", "last_name":"Hillyer", "rental_id":309, "amount":1.99, "rental_date_key":20050526},
 {"staff_id":1, "first_name":"Mike", "last_name":"Hillyer", "rental_id":310, "amount":6.99, "rental_date_key":20050526},
 {"staff_id":1, "first_name":"Mike", "last_name":"Hillyer", "rental_id":311, "amount":3.99, "rental_date_key":20050526},
 {"staff_id":1, "first_name":"Mike", "last_name":"Hillyer", "rental_id":312, "amount":2.99, "rental_date_key":20050526},
 {"staff_id":1, "first_name":"Mike", "last_name":"Hillyer", "rental_id":313, "amount":4.99, "rental_date_key":20050526},
 {"staff_id":1, "first_name":"Mike", "last_name":"Hillyer", "rental_id":314, "amount":0.99, "rental_date_key":20050526},
 {"staff_id":2, "first_name":"Jon", "last_name":"Stephens", "rental_id":315, "amount":4.99, "rental_date_key":20050526},
 {"staff_id":2, "first_name":"Jon", "last_name":"Stephens", "rental_id":316, "amount":4.99, "rental_date_key":20050526},
 {"staff_id":1, "first_name":"Mike", "last_name":"Hillyer", "rental_id":317, "amount":5.99, "rental_date_key":20050526},
 {"staff_id":1, "first_name":"Mike", "last_name":"Hillyer", "rental_id":318, "amount":4.99, "rental_date_key":20050526},
 {"staff_id":2, "first_name":"Jon", "last_name":"Stephens", "rental_id":319, "amount":2.99, "rental_date_key":20050526},
 {"staff_id":1, "first_name":"Mike", "last_name":"Hillyer", "rental_id":320, "amount":4.99, "rental_date_key":20050527},
 {"staff_id":2, "first_name":"Jon", "last_name":"Stephens", "rental_id":322, "amount":4.99, "rental_date_key":20050527},
 {"staff_id":1, "first_name":"Mike", "last_name":"Hillyer", "rental_id":323, "amount":2.99, "rental_date_key":20050527},
 {"staff_id":1, "first_name":"Mike", "last_name":"Hillyer", "rental_id":324, "amount":0.99, "rental_date_key":20050527},
 {"staff_id":2, "first_name":"Jon", "last_name":"Stephens", "rental_id":325, "amount":5.99, "rental_date_key":20050527},
 {"staff_id":2, "first_name":"Jon", "last_name":"Stephens", "rental_id":326, "amount":7.99, "rental_date_key":20050527},
 {"staff_id":1, "first_name":"Mike", "last_name":"Hillyer", "rental_id":327, "amount":8.99, "rental_date_key":20050527},
 {"staff_id":2, "first_name":"Jon", "last_name":"Stephens", "rental_id":328, "amount":2.99, "rental_date_key":20050527},
 {"staff_id":1, "first_name":"Mike", "last_name":"Hillyer", "rental_id":329, "amount":5.99, "rental_date_key":20050527},
 {"staff_id":2, "first_name":"Jon", "last_name":"Stephens", "rental_id":330, "amount":7.99, "rental_date_key":20050527},
 {"staff_id":2, "first_name":"Jon", "last_name":"Stephens", "rental_id":331, "amount":9.99, "rental_date_key":20050527}]